less_20_perc_pov,num_cha_properties,poverty_rate,eviction_rate
0,4645.0,0.32581132030194165,0.01740978842976182
1,621.0,0.08899790921375468,0.00833984093850871
