at_least_10_homes,num_neighborhoods,poverty_rate,eviction_rate,integrated,maj_black,less_20_perc_pov,maj_white,maj_latino
0,145,0.12019212279176505,0.008232921954234931,65,18,122,48,14
1,53,0.2592154437969426,0.018004532575875948,11,34,16,0,8
