less_20_perc_pov,num_cha_properties,poverty_rate,eviction_rate
0,4625.0,0.3177248613953476,0.017763030978088994
1,641.0,0.08913273464439582,0.007911320001623224
